zCliente,Category,ClosedDateTime,CreatedDateTime,Email,Impact,IncidentDetailSummary,IncidentNumber,LastModDateTime,LoginId,Priority,ProfileFullName,RecId,ReportedBy,Resolution,ResolvedBy,ResolvedDateTime,Service,Source,Status,Subject,TotalTimeSpent
Demo,,,2024-04-12 19:54:25,claude.monet@demo.com,Un Departamento,hola mundo,I-000015,2024-04-12 19:54:25,,Baja,Claude Monet,15,Claude Monet,, ,,,Teléfono,Nuevo,Este se sincronizo,
Demo,Repair,,2024-04-11 19:06:36,agatha.christie@demo.com,Un Departamento,prueba trigger,I-000009,2024-04-11 20:32:24,,Crítica,Agatha Christie,9,Agatha Christie,, ,,Computers and peripherals,Correo-e,Nuevo,nybci,
Demo,,,2024-04-05 20:02:24,agatha.christie@demo.com,Un Departamento,hoola,I-000004,2024-04-05 20:19:33,,Baja,Agatha Christie,4,Agatha Christie,, ,,,Teléfono,Nuevo,Prueba,
Demo,,,2024-04-05 19:57:22,agatha.christie@demo.com,Un Departamento,world,I-000001,2024-04-05 20:28:37,,Baja,Agatha Christie,1,Agatha Christie,, ,,,Monitoreo,Nuevo,hello,
