zCliente,Email,IncidentDetailSummary,ReportedBy,Resolution,ResolvedBy,Source,Subject,TypeOfIncident
Demo,claude.monet@demo.com,adfadfa,Claude Monet,, ,Teléfono,pruebaaasfasdffda editado,Requerimiento de Servicio
Demo,claude.monet@demo.com,prueba,Claude Monet,, ,Teléfono,prueba trigger itop Editadoaaa 22,Requerimiento de Servicio
Demo,agatha.christie@demo.com,123,Agatha Christie,, ,Teléfono,admin,Requerimiento de Servicio
IT Department,charles.aznavour@it.com,afasshfjlashdfioahoidf,Charles Aznavour,, ,Teléfono,Pruebaaaaaaaaaaaaa editado,Requerimiento de Servicio
Demo,claude.monet@demo.com,13:07,Claude Monet,, ,Teléfono,Prueba desde itop c modificado,Requerimiento de Servicio
Demo,claude.monet@demo.com,descripcion,Claude Monet,, ,Teléfono,titulo,Requerimiento de Servicio
Demo,claude.monet@demo.com,se sincronizo automaticamente,Claude Monet,, ,Teléfono,Prueba syncro dauto,Requerimiento de Servicio
Demo,claude.monet@demo.com,prueba trigger,Claude Monet,, ,Teléfono,Test trigger,Requerimiento de Servicio
Demo,claude.monet@demo.com,mundo,Claude Monet,, ,Teléfono,hola,Requerimiento de Servicio
Demo,agatha.christie@demo.com,123,Agatha Christie,, ,Correo-e,tutulo,Requerimiento de Servicio
