zCliente,Category,Email,Impact,IncidentDetailSummary,IncidentNumber,Priority,ProfileFullName,RecId,ReportedBy,Resolution,ResolvedBy,Service,Source,Status,Subject
Demo,,claude.monet@demo.com,Un Departamento,hola mundo,15,Baja,Claude Monet,I-000015,Claude Monet,, ,,Teléfono,Nuevo,Este se sincronizo
Demo,Repair,agatha.christie@demo.com,Un Departamento,prueba trigger,9,Crítica,Agatha Christie,I-000009,Agatha Christie,, ,Computers and peripherals,Correo-e,Nuevo,nybci
Demo,,agatha.christie@demo.com,Un Departamento,hoola,4,Baja,Agatha Christie,I-000004,Agatha Christie,, ,,Teléfono,Nuevo,Prueba
Demo,,agatha.christie@demo.com,Un Departamento,world,1,Baja,Agatha Christie,I-000001,Agatha Christie,, ,,Monitoreo,Nuevo,hello
