zCliente,Approver,Category,ClosedDateTime,CreatedDateTime,Email,Impact,IncidentDetailSummary,IncidentNumber,LastModDateTime,LoginId,Priority,ProfileFullName,RecId,ReportedBy,Resolution,ResolvedBy,ResolvedDateTime,Service,Source,Status,Subject,TotalTimeSpent,TypeOfIncident
Demo, ,,,2024-04-23 00:38:36,claude.monet@demo.com,Un Departamento,adfadfa,R-000023,2024-04-23 00:44:55,,Baja,Claude Monet,23,Claude Monet,, ,,,Teléfono,Nuevo,pruebaaasfasdffda editado,,Requerimiento de Servicio
Demo, ,,,2024-04-22 18:47:52,claude.monet@demo.com,Un Departamento,prueba,R-000022,2024-04-22 19:00:15,,Baja,Claude Monet,22,Claude Monet,, ,,,Teléfono,Nuevo,prueba trigger itop Editadoaaa 22,,Requerimiento de Servicio
Demo, ,,,2024-04-15 21:33:54,agatha.christie@demo.com,Un Departamento,123,R-000021,2024-04-15 21:33:54,,Baja,Agatha Christie,21,Agatha Christie,, ,,,Teléfono,Nuevo,admin,,Requerimiento de Servicio
IT Department, ,,,2024-04-15 19:12:05,charles.aznavour@it.com,Un Departamento,afasshfjlashdfioahoidf,R-000020,2024-04-15 19:12:53,,Baja,Charles Aznavour,20,Charles Aznavour,, ,,,Teléfono,Nuevo,Pruebaaaaaaaaaaaaa editado,,Requerimiento de Servicio
Demo, ,,,2024-04-12 22:07:56,claude.monet@demo.com,Un Departamento,13:07,R-000019,2024-04-12 22:08:23,,Baja,Claude Monet,19,Claude Monet,, ,,,Teléfono,Nuevo,Prueba desde itop c modificado,,Requerimiento de Servicio
Demo, ,New desktop ordering,,2024-04-12 19:51:29,claude.monet@demo.com,Un Servicio,descripcion,R-000014,2024-04-12 19:51:29,,Alta,Claude Monet,14,Claude Monet,, ,,Computers and peripherals,Teléfono,Nuevo,titulo,,Requerimiento de Servicio
Demo, ,,,2024-04-12 19:25:15,claude.monet@demo.com,Un Departamento,se sincronizo automaticamente,R-000013,2024-04-12 19:25:15,,Baja,Claude Monet,13,Claude Monet,, ,,,Teléfono,Nuevo,Prueba syncro dauto,,Requerimiento de Servicio
Demo, ,,,2024-04-11 21:51:21,claude.monet@demo.com,Un Departamento,prueba trigger,R-000012,2024-04-12 19:09:46,,Baja,Claude Monet,12,Claude Monet,, ,,,Teléfono,Nuevo,Test trigger,,Requerimiento de Servicio
Demo, ,New desktop ordering,,2024-04-11 17:01:43,claude.monet@demo.com,Un Servicio,mundo,R-000008,2024-04-11 23:29:10,,Media,Claude Monet,8,Claude Monet,, ,,Computers and peripherals,Teléfono,Nuevo,hola,,Requerimiento de Servicio
Demo, ,,,2024-04-05 19:59:19,agatha.christie@demo.com,Un Departamento,123,R-000002,2024-04-05 20:28:37,,Baja,Agatha Christie,2,Agatha Christie,, ,,,Correo-e,Nuevo,tutulo,,Requerimiento de Servicio
