zCliente,Category,Email,Impact,IncidentDetailSummary,IncidentNumber,Priority,ProfileFullName,RecId,ReportedBy,Resolution,ResolvedBy,Service,Source,Status,Subject,TypeOfIncident
Demo,,claude.monet@demo.com,Un Departamento,adfadfa,23,Baja,Claude Monet,R-000023,Claude Monet,, ,,Teléfono,Nuevo,pruebaaasfasdffda editado,Requerimiento de Servicio
Demo,,claude.monet@demo.com,Un Departamento,prueba,22,Baja,Claude Monet,R-000022,Claude Monet,, ,,Teléfono,Nuevo,prueba trigger itop Editadoaaa 22,Requerimiento de Servicio
Demo,,agatha.christie@demo.com,Un Departamento,123,21,Baja,Agatha Christie,R-000021,Agatha Christie,, ,,Teléfono,Nuevo,admin,Requerimiento de Servicio
IT Department,,charles.aznavour@it.com,Un Departamento,afasshfjlashdfioahoidf,20,Baja,Charles Aznavour,R-000020,Charles Aznavour,, ,,Teléfono,Nuevo,Pruebaaaaaaaaaaaaa editado,Requerimiento de Servicio
Demo,,claude.monet@demo.com,Un Departamento,13:07,19,Baja,Claude Monet,R-000019,Claude Monet,, ,,Teléfono,Nuevo,Prueba desde itop c modificado,Requerimiento de Servicio
Demo,New desktop ordering,claude.monet@demo.com,Un Servicio,descripcion,14,Alta,Claude Monet,R-000014,Claude Monet,, ,Computers and peripherals,Teléfono,Nuevo,titulo,Requerimiento de Servicio
Demo,,claude.monet@demo.com,Un Departamento,se sincronizo automaticamente,13,Baja,Claude Monet,R-000013,Claude Monet,, ,,Teléfono,Nuevo,Prueba syncro dauto,Requerimiento de Servicio
Demo,,claude.monet@demo.com,Un Departamento,prueba trigger,12,Baja,Claude Monet,R-000012,Claude Monet,, ,,Teléfono,Nuevo,Test trigger,Requerimiento de Servicio
Demo,New desktop ordering,claude.monet@demo.com,Un Servicio,mundo,8,Media,Claude Monet,R-000008,Claude Monet,, ,Computers and peripherals,Teléfono,Nuevo,hola,Requerimiento de Servicio
Demo,,agatha.christie@demo.com,Un Departamento,123,2,Baja,Agatha Christie,R-000002,Agatha Christie,, ,,Correo-e,Nuevo,tutulo,Requerimiento de Servicio
